{
  "ReRoutes": [
    {
      "DownstreamPathTemplate": "/api/StudentAttendance",
      "DownstreamScheme": "https",
      "DownstreamHostAndPorts": [
        {
          "Host": "localhost",
          "Port": 44394
        }
      ],
      "UpstreamPathTemplate": "/apigateway/AttendanceService",
      "UpstreamHttpMethod": [ "GET", "PUT", "POST" ]
    },
    {
      "DownstreamPathTemplate": "/api/StudentAdmission",
      "DownstreamScheme": "https",
      "DownstreamHostAndPorts": [
        {
          "Host": "localhost",
          "Port": 44305
        }
      ],
      "UpstreamPathTemplate": "/apigateway/AdmissionService",
      "UpstreamHttpMethod": [ "GET", "PUT", "POST" ]
    }
  ]

}
